{
  "skyblock:skyblock/02regrowth": {
    "criteria": {
      "sapling": "2020-05-28 17:48:55 -0400"
    },
    "done": true
  },
  "minecraft:recipes/decorations/smoker": {
    "criteria": {
      "has_furnace": "2020-05-28 17:56:57 -0400"
    },
    "done": true
  },
  "skyblock:skyblock/04fake_cave": {
    "criteria": {
      "creeper": "2020-05-29 16:02:17 -0400"
    },
    "done": true
  },
  "minecraft:recipes/misc/iron_nugget_from_blasting": {
    "criteria": {
      "has_chainmail_leggings": "2020-05-29 21:48:36 -0400"
    },
    "done": true
  },
  "skyblock:nether/in_nether": {
    "criteria": {
      "entered_nether": "2020-05-30 11:50:51 -0400"
    },
    "done": true
  },
  "minecraft:recipes/food/baked_potato_from_smoking": {
    "criteria": {
      "has_potato": "2020-05-30 21:12:49 -0400"
    },
    "done": true
  },
  "minecraft:recipes/building_blocks/cobblestone_stairs_from_cobblestone_stonecutting": {
    "criteria": {
      "has_cobblestone": "2020-05-28 17:54:01 -0400"
    },
    "done": true
  },
  "skyblock:end/root": {
    "criteria": {
      "never": "2020-05-30 11:50:51 -0400"
    },
    "done": true
  },
  "skyblock:skyblock/05portal": {
    "criteria": {
      "nether": "2020-05-29 17:56:58 -0400"
    },
    "done": true
  },
  "minecraft:recipes/misc/sugar_from_sugar_cane": {
    "criteria": {
      "has_reeds": "2020-05-28 18:17:41 -0400"
    },
    "done": true
  },
  "minecraft:recipes/decorations/loom": {
    "criteria": {
      "has_string": "2020-05-29 16:16:59 -0400"
    },
    "done": true
  },
  "skyblock:collector/dirt": {
    "criteria": {
      "dirt": "2020-05-29 17:41:41 -0400"
    },
    "done": true
  },
  "minecraft:recipes/decorations/lantern": {
    "criteria": {
      "has_iron_ingot": "2020-05-30 21:02:08 -0400"
    },
    "done": true
  },
  "skyblock:skyblock/04furnace": {
    "criteria": {
      "furnace": "2020-05-28 17:56:57 -0400"
    },
    "done": true
  },
  "minecraft:recipes/misc/green_dye": {
    "criteria": {
      "has_cactus": "2020-05-30 11:18:35 -0400"
    },
    "done": true
  },
  "skyblock:nether/root": {
    "criteria": {
      "never": "2020-05-29 17:56:58 -0400"
    },
    "done": true
  },
  "minecraft:recipes/decorations/campfire": {
    "criteria": {
      "has_stick": "2020-05-28 17:53:45 -0400"
    },
    "done": true
  },
  "skyblock:farmer/seedy_place": {
    "criteria": {
      "wheat": "2020-05-28 18:01:24 -0400"
    },
    "done": true
  },
  "skyblock:collector/02arrow": {
    "criteria": {
      "arrow": "2020-05-30 21:12:45 -0400"
    },
    "done": true
  },
  "minecraft:recipes/building_blocks/cobblestone_slab_from_cobblestone_stonecutting": {
    "criteria": {
      "has_cobblestone": "2020-05-28 17:54:01 -0400"
    },
    "done": true
  },
  "minecraft:recipes/decorations/chain": {
    "criteria": {
      "has_iron_ingot": "2020-05-30 21:02:08 -0400"
    },
    "done": true
  },
  "skyblock:collector/root": {
    "criteria": {
      "sapling": "2020-05-28 17:48:55 -0400"
    },
    "done": true
  },
  "minecraft:recipes/decorations/cartography_table": {
    "criteria": {
      "has_string": "2020-05-29 16:16:59 -0400"
    },
    "done": true
  },
  "skyblock:collector/01gravel": {
    "criteria": {
      "gravel": "2020-05-30 21:25:03 -0400"
    },
    "done": true
  },
  "minecraft:recipes/decorations/barrel": {
    "criteria": {
      "has_planks": "2020-05-28 17:49:31 -0400"
    },
    "done": true
  },
  "skyblock:collector/cobblestone": {
    "criteria": {
      "cobblestone": "2020-05-28 18:15:05 -0400"
    },
    "done": true
  },
  "skyblock:skyblock/all_saplings": {
    "criteria": {
      "birch": "2020-05-30 11:28:42 -0400",
      "oak": "2020-05-28 17:48:55 -0400",
      "acacia": "2020-05-30 11:36:47 -0400",
      "jungle": "2020-05-30 11:41:35 -0400",
      "darkOak": "2020-05-30 10:33:03 -0400",
      "spruce": "2020-05-29 18:00:53 -0400"
    },
    "done": true
  },
  "skyblock:skyblock/09cobblestone_generator": {
    "criteria": {
      "cobblestone": "2020-05-28 17:54:01 -0400"
    },
    "done": true
  },
  "skyblock:skyblock/witch_power": {
    "criteria": {
      "entity_witch": "2020-05-30 21:02:53 -0400"
    },
    "done": false
  },
  "minecraft:recipes/decorations/soul_campfire": {
    "criteria": {
      "has_stick": "2020-05-28 17:53:45 -0400"
    },
    "done": true
  },
  "minecraft:recipes/combat/crossbow": {
    "criteria": {
      "has_stick": "2020-05-28 17:53:45 -0400"
    },
    "done": true
  },
  "minecraft:recipes/decorations/smithing_table": {
    "criteria": {
      "has_iron_ingot": "2020-05-30 21:02:08 -0400"
    },
    "done": true
  },
  "skyblock:adventure/02exploration": {
    "criteria": {
      "mushroom_fields": "2020-05-29 21:57:48 -0400",
      "taiga": "2020-05-29 17:38:54 -0400",
      "savanna": "2020-05-30 11:35:59 -0400",
      "roofed_forest": "2020-05-30 10:31:24 -0400",
      "birch_forest": "2020-05-30 11:27:05 -0400",
      "jungle": "2020-05-30 10:13:09 -0400",
      "swamp": "2020-05-28 18:17:09 -0400",
      "desert": "2020-05-30 11:17:03 -0400"
    },
    "done": true
  },
  "skyblock:skyblock/root": {
    "criteria": {
      "dirt": "2020-05-28 17:49:03 -0400"
    },
    "done": true
  },
  "minecraft:recipes/misc/brown_dye": {
    "criteria": {
      "has_cocoa_beans": "2020-05-30 10:13:44 -0400"
    },
    "done": true
  },
  "skyblock:collector/interior": {
    "criteria": {
      "torch": "2020-05-30 21:21:28 -0400"
    },
    "done": false
  },
  "minecraft:recipes/misc/white_dye": {
    "criteria": {
      "has_bone_meal": "2020-05-29 16:15:10 -0400"
    },
    "done": true
  },
  "minecraft:recipes/decorations/oak_sign": {
    "criteria": {
      "has_oak_planks": "2020-05-28 17:49:31 -0400"
    },
    "done": true
  },
  "skyblock:skyblock/shoot_arrow": {
    "criteria": {
      "shot_arrow": "2020-05-30 11:36:07 -0400"
    },
    "done": true
  },
  "minecraft:recipes/food/baked_potato_from_campfire_cooking": {
    "criteria": {
      "has_potato": "2020-05-30 21:12:49 -0400"
    },
    "done": true
  },
  "minecraft:recipes/decorations/cobblestone_wall_from_cobblestone_stonecutting": {
    "criteria": {
      "has_cobblestone": "2020-05-28 17:54:01 -0400"
    },
    "done": true
  },
  "skyblock:adventure/root": {
    "criteria": {
      "never": "2020-05-28 18:15:05 -0400"
    },
    "done": true
  },
  "skyblock:farmer/suit_up": {
    "criteria": {
      "leather_boots": "2020-05-30 20:58:58 -0400",
      "leather_leggings": "2020-05-30 20:59:11 -0400",
      "leather_chestplate": "2020-05-30 21:01:27 -0400",
      "leather_helmet": "2020-05-30 21:01:27 -0400"
    },
    "done": true
  },
  "minecraft:recipes/misc/gold_nugget_from_blasting": {
    "criteria": {
      "has_golden_helmet": "2020-05-29 16:17:50 -0400"
    },
    "done": true
  },
  "skyblock:collector/rainbow": {
    "criteria": {
      "wool0": "2020-05-29 21:59:53 -0400"
    },
    "done": false
  },
  "DataVersion": 2555
}