{"stats":{"minecraft:used":{"minecraft:glass":1,"minecraft:smooth_stone_slab":3,"minecraft:observer":5,"minecraft:command_block":4,"minecraft:red_bed":4},"minecraft:mined":{"minecraft:red_bed":1},"minecraft:custom":{"minecraft:jump":1,"minecraft:time_since_rest":2500,"minecraft:crouch_one_cm":93,"minecraft:play_one_minute":11025,"minecraft:leave_game":1,"minecraft:deaths":1,"minecraft:walk_on_water_one_cm":190,"minecraft:time_since_death":2473,"minecraft:walk_one_cm":616,"minecraft:sneak_time":417,"minecraft:walk_under_water_one_cm":175,"minecraft:fly_one_cm":1859}},"DataVersion":2534}