{"stats":{"minecraft:killed_by":{"minecraft:polar_bear":1},"minecraft:picked_up":{"minecraft:redstone_block":22,"minecraft:chicken":11,"minecraft:ladder":2,"minecraft:structure_block":64,"minecraft:lead":2,"minecraft:diamond_sword":1,"minecraft:wither_rose":8,"minecraft:item_frame":69,"minecraft:white_carpet":1,"minecraft:oak_sign":1,"minecraft:detector_rail":2,"minecraft:comparator":1,"minecraft:redstone_torch":9,"minecraft:poppy":35,"minecraft:sugar_cane":1,"minecraft:piston":11,"minecraft:tipped_arrow":1664,"minecraft:stone":1,"minecraft:oak_fence":4,"minecraft:stone_button":3,"minecraft:redstone":4,"minecraft:rabbit_foot":1,"minecraft:stone_pressure_plate":1,"minecraft:cactus":22,"minecraft:rotten_flesh":10,"minecraft:iron_block":26,"minecraft:mutton":6,"minecraft:obsidian":3,"minecraft:white_wool":4,"minecraft:cod":2,"minecraft:rail":1,"minecraft:oxeye_daisy":1,"minecraft:feather":16,"minecraft:tripwire_hook":1,"minecraft:fox_spawn_egg":1,"minecraft:leather":2,"minecraft:red_mushroom":1,"minecraft:cobblestone_wall":1,"minecraft:dirt":1,"minecraft:white_banner":1,"minecraft:spawner":1,"minecraft:bone":2,"minecraft:wheat_seeds":2,"minecraft:iron_ingot":127,"minecraft:bamboo":33,"minecraft:birch_fence_gate":1,"minecraft:structure_void":1,"minecraft:sand":2,"minecraft:cyan_bed":1,"minecraft:diamond_block":68,"minecraft:dragon_egg":2,"minecraft:evoker_spawn_egg":1,"minecraft:lever":9,"minecraft:blue_banner":17,"minecraft:chorus_fruit":36,"minecraft:nether_star":1},"minecraft:used":{"minecraft:oak_fence":6,"minecraft:iron_bars":1,"minecraft:red_sand":4,"minecraft:enchanting_table":2,"minecraft:flint_and_steel":26,"minecraft:dispenser":6,"minecraft:redstone":87,"minecraft:ladder":4,"minecraft:oak_sign":12,"minecraft:light_blue_terracotta":1,"minecraft:chest":6,"minecraft:ender_chest":3,"minecraft:stone":87,"minecraft:zombie_spawn_egg":4,"minecraft:structure_block":12,"minecraft:farmland":4,"minecraft:netherrack":11,"minecraft:debug_stick":4,"minecraft:bee_spawn_egg":10,"minecraft:dragon_egg":14,"minecraft:brewing_stand":1,"minecraft:dirt":23,"minecraft:anvil":3,"minecraft:white_carpet":2,"minecraft:hopper":8,"minecraft:chorus_flower":6,"minecraft:cobblestone_wall":5,"minecraft:shulker_box":3,"minecraft:obsidian":238,"minecraft:glass":126,"minecraft:honey_block":3,"minecraft:sea_lantern":2,"minecraft:lava_bucket":6,"minecraft:villager_spawn_egg":9,"minecraft:iron_block":17,"minecraft:grass_block":68,"minecraft:slime_block":133,"minecraft:spawner":1,"minecraft:chicken_spawn_egg":32,"minecraft:warped_nylium":4,"minecraft:stone_bricks":1,"minecraft:blue_banner":4,"minecraft:item_frame":73,"minecraft:bamboo":23,"minecraft:bedrock":24,"minecraft:repeater":18,"minecraft:tripwire_hook":3,"minecraft:glowstone":1,"minecraft:redstone_lamp":2,"minecraft:magma_block":1,"minecraft:snow":29,"minecraft:furnace":17,"minecraft:podzol":1,"minecraft:minecart":3,"minecraft:trapped_chest":4,"minecraft:stone_pressure_plate":10,"minecraft:observer":24,"minecraft:seagrass":1,"minecraft:dead_bubble_coral_fan":4,"minecraft:water_bucket":17,"minecraft:cobblestone_stairs":2,"minecraft:dropper":15,"minecraft:infested_stone":2,"minecraft:cactus":16,"minecraft:ender_pearl":59,"minecraft:fox_spawn_egg":4,"minecraft:black_shulker_box":2,"minecraft:redstone_block":101,"minecraft:structure_void":2,"minecraft:cauldron":1,"minecraft:sugar_cane":1,"minecraft:cobblestone_slab":7,"minecraft:beacon":1,"minecraft:sheep_spawn_egg":1,"minecraft:spruce_fence_gate":3,"minecraft:cracked_stone_bricks":1,"minecraft:jungle_boat":4,"minecraft:oak_leaves":9,"minecraft:diamond_block":1,"minecraft:purpur_stairs":2,"minecraft:sand":51,"minecraft:rail":7,"minecraft:comparator":12,"minecraft:tnt":14,"minecraft:oak_slab":1,"minecraft:red_bed":6,"minecraft:red_mushroom":9,"minecraft:crossbow":1,"minecraft:sponge":6,"minecraft:light_gray_concrete_powder":2,"minecraft:magenta_carpet":3,"minecraft:end_stone":11,"minecraft:redstone_torch":30,"minecraft:sticky_piston":119,"minecraft:piston":160,"minecraft:lever":27,"minecraft:ender_eye":10,"minecraft:birch_fence_gate":10,"minecraft:command_block":21,"minecraft:heavy_weighted_pressure_plate":1,"minecraft:stone_button":15,"minecraft:string":2,"minecraft:cyan_bed":2,"minecraft:barrier":3,"minecraft:detector_rail":2,"minecraft:lectern":1,"minecraft:polished_granite":104,"minecraft:spruce_trapdoor":9,"minecraft:iron_door":2,"minecraft:diamond_sword":18,"minecraft:crimson_fungus":14,"minecraft:end_crystal":56,"minecraft:white_banner":3,"minecraft:bucket":4,"minecraft:repeating_command_block":26,"minecraft:grass_path":2,"minecraft:smooth_stone_slab":34,"minecraft:ice":5,"minecraft:end_portal_frame":4,"minecraft:oak_boat":1,"minecraft:pillager_spawn_egg":1,"minecraft:brown_mushroom_block":3,"minecraft:bone_meal":207,"minecraft:cobweb":1},"minecraft:killed":{"minecraft:evoker":2,"minecraft:vex":4,"minecraft:wither":2,"minecraft:bee":4,"minecraft:fox":4,"minecraft:chicken":5,"minecraft:iron_golem":4,"minecraft:wandering_trader":1,"minecraft:polar_bear":3,"minecraft:sheep":5,"minecraft:trader_llama":1,"minecraft:pillager":2,"minecraft:zombie":6,"minecraft:villager":18},"minecraft:mined":{"minecraft:ladder":2,"minecraft:red_bed":10,"minecraft:cyan_bed":1},"minecraft:dropped":{"minecraft:spawner":1,"minecraft:evoker_spawn_egg":1,"minecraft:iron_ingot":4,"minecraft:oak_fence":6,"minecraft:feather":179,"minecraft:red_mushroom":1,"minecraft:structure_void":1,"minecraft:dirt":1,"minecraft:mutton":7,"minecraft:bone_meal":61,"minecraft:white_wool":5,"minecraft:redstone_block":4,"minecraft:redstone":4,"minecraft:crimson_fungus":1,"minecraft:diamond_block":34,"minecraft:cooked_chicken":163,"minecraft:obsidian":3,"minecraft:rotten_flesh":1,"minecraft:comparator":2,"minecraft:structure_block":64,"minecraft:oak_sign":1,"minecraft:diamond_sword":4,"minecraft:stone":2,"minecraft:fox_spawn_egg":1,"minecraft:blue_banner":34,"minecraft:redstone_torch":8,"minecraft:red_sand":1},"minecraft:custom":{"minecraft:mob_kills":62,"minecraft:inspect_hopper":8,"minecraft:open_shulker_box":5,"minecraft:leave_game":107,"minecraft:time_since_death":20351,"minecraft:climb_one_cm":209,"minecraft:sprint_one_cm":13450,"minecraft:walk_one_cm":278960,"minecraft:drop":63,"minecraft:damage_dealt_absorbed":42140,"minecraft:deaths":8,"minecraft:sneak_time":27668,"minecraft:walk_under_water_one_cm":1817,"minecraft:boat_one_cm":64656,"minecraft:jump":647,"minecraft:walk_on_water_one_cm":42981,"minecraft:play_one_minute":994303,"minecraft:time_since_rest":20377,"minecraft:open_enderchest":2,"minecraft:damage_taken":2900,"minecraft:trigger_trapped_chest":7,"minecraft:damage_dealt":22373,"minecraft:fly_one_cm":3241661,"minecraft:open_chest":14,"minecraft:crouch_one_cm":22886,"minecraft:fall_one_cm":1420,"minecraft:inspect_dispenser":23}},"DataVersion":2534}