{"stats":{"minecraft:killed":{"minecraft:villager":3},"minecraft:custom":{"minecraft:time_since_rest":181010,"minecraft:open_chest":1,"minecraft:play_one_minute":181010,"minecraft:crouch_one_cm":366,"minecraft:walk_one_cm":1988,"minecraft:sneak_time":1206,"minecraft:trigger_trapped_chest":2,"minecraft:walk_under_water_one_cm":414,"minecraft:mob_kills":4,"minecraft:drop":12,"minecraft:jump":5,"minecraft:inspect_hopper":6,"minecraft:damage_dealt":610,"minecraft:leave_game":5,"minecraft:time_since_death":181010,"minecraft:walk_on_water_one_cm":1433,"minecraft:talked_to_villager":6,"minecraft:fly_one_cm":19735},"minecraft:dropped":{"minecraft:rotten_flesh":17,"minecraft:iron_ingot":303,"minecraft:poppy":112,"minecraft:light_gray_wool":1,"minecraft:cooked_mutton":1},"minecraft:used":{"minecraft:glass":3,"minecraft:villager_spawn_egg":3,"minecraft:trapped_chest":2},"minecraft:picked_up":{"minecraft:rotten_flesh":30,"minecraft:torch":2,"minecraft:iron_ingot":2242,"minecraft:stone_button":1,"minecraft:poppy":546,"minecraft:light_gray_wool":1,"minecraft:mutton":1,"minecraft:white_wool":1,"minecraft:string":2}},"DataVersion":2534}