{"stats":{"minecraft:used":{"minecraft:evoker_spawn_egg":1,"minecraft:sand":2},"minecraft:killed":{"minecraft:evoker":1},"minecraft:custom":{"minecraft:jump":7,"minecraft:open_chest":1,"minecraft:time_since_rest":136274,"minecraft:damage_dealt":240,"minecraft:crouch_one_cm":268,"minecraft:play_one_minute":136383,"minecraft:leave_game":3,"minecraft:time_since_death":136383,"minecraft:walk_one_cm":1662,"minecraft:sneak_time":178,"minecraft:mob_kills":1,"minecraft:damage_dealt_absorbed":3010,"minecraft:talked_to_villager":1,"minecraft:fly_one_cm":21436}},"DataVersion":1976}