{
  "parent": "minecraft:recipes/root",
  "rewards": {
    "recipes": [
      "slabtoblock:slabtoplank_spruce"
    ]
  },
  "criteria": {
    "has_log": {
      "trigger": "minecraft:inventory_changed",
      "conditions": {
        "items": [
          {
            "item": "minecraft:spruce_slab"
          }
        ]
      }
    },
    "has_the_recipe": {
      "trigger": "minecraft:recipe_unlocked",
      "conditions": {
        "recipe": "slabtoplank:slabtoblock_spruce"
      }
    }
  },
  "requirements": [
    [
      "has_log",
      "has_the_recipe"
    ]
  ]
}