{
  "skyblock:adventure/02exploration": {
    "criteria": {
      "mushroom_fields": "2020-09-11 17:38:19 -0400",
      "taiga": "2020-09-11 17:39:00 -0400",
      "savanna": "2020-09-11 17:38:05 -0400",
      "birch_forest": "2020-09-11 17:39:12 -0400",
      "jungle": "2020-09-11 17:37:04 -0400",
      "swamp": "2020-09-11 17:39:24 -0400"
    },
    "done": false
  },
  "minecraft:recipes/misc/brown_dye": {
    "criteria": {
      "has_cocoa_beans": "2020-09-11 17:37:54 -0400"
    },
    "done": true
  },
  "minecraft:recipes/misc/sugar_from_sugar_cane": {
    "criteria": {
      "has_reeds": "2020-09-11 17:39:56 -0400"
    },
    "done": true
  },
  "DataVersion": 2580
}