{"stats":{"minecraft:mined":{"minecraft:hay_block":11,"minecraft:spruce_stairs":1,"minecraft:iron_ore":4,"minecraft:cobblestone_stairs":8,"minecraft:spruce_log":11,"minecraft:andesite":9,"minecraft:crafting_table":2,"minecraft:grass_path":2,"minecraft:granite":11,"minecraft:grass":3,"minecraft:grass_block":18,"minecraft:coal_ore":16,"minecraft:oak_log":10,"minecraft:dirt":19,"minecraft:cobblestone":4,"minecraft:spruce_leaves":2,"minecraft:stone":208,"minecraft:oak_leaves":2},"minecraft:broken":{"minecraft:wooden_pickaxe":1},"minecraft:crafted":{"minecraft:oak_planks":24,"minecraft:spruce_stairs":4,"minecraft:stone_shovel":1,"minecraft:charcoal":3,"minecraft:crafting_table":1,"minecraft:spruce_planks":20,"minecraft:stick":16,"minecraft:iron_pickaxe":1,"minecraft:wooden_pickaxe":1,"minecraft:iron_ingot":4,"minecraft:stone_pickaxe":3,"minecraft:stone_sword":1,"minecraft:chest":1,"minecraft:spruce_door":3,"minecraft:stonecutter":1,"minecraft:furnace":1,"minecraft:stone":3,"minecraft:torch":12,"minecraft:stone_axe":1,"minecraft:air":0,"minecraft:wheat":9},"minecraft:picked_up":{"minecraft:crafting_table":2,"minecraft:andesite":9,"minecraft:torch":1,"minecraft:spruce_stairs":1,"minecraft:oak_log":10,"minecraft:spruce_sapling":1,"minecraft:spruce_log":11,"minecraft:cobblestone_stairs":8,"minecraft:dirt":39,"minecraft:wheat_seeds":1,"minecraft:hay_block":11,"minecraft:granite":11,"minecraft:iron_ore":4,"minecraft:oak_sapling":1,"minecraft:coal":16,"minecraft:cobblestone":212},"minecraft:used":{"minecraft:oak_log":1,"minecraft:cobblestone_stairs":40,"minecraft:spruce_door":2,"minecraft:stone_pickaxe":201,"minecraft:stone_shovel":38,"minecraft:bread":2,"minecraft:chest":1,"minecraft:wooden_pickaxe":59,"minecraft:stonecutter":1,"minecraft:stone_axe":20,"minecraft:torch":7,"minecraft:dirt":18,"minecraft:cobblestone":12,"minecraft:hay_block":1,"minecraft:crafting_table":3,"minecraft:furnace":1,"minecraft:spruce_stairs":5},"minecraft:custom":{"minecraft:time_since_rest":26644,"minecraft:interact_with_furnace":15,"minecraft:sprint_one_cm":58845,"minecraft:damage_taken":50,"minecraft:walk_one_cm":62132,"minecraft:animals_bred":1,"minecraft:interact_with_crafting_table":18,"minecraft:fly_one_cm":39204,"minecraft:talked_to_villager":1,"minecraft:open_chest":3,"minecraft:play_one_minute":26644,"minecraft:crouch_one_cm":5905,"minecraft:sneak_time":1306,"minecraft:walk_under_water_one_cm":420,"minecraft:jump":267,"minecraft:interact_with_stonecutter":2,"minecraft:leave_game":2,"minecraft:time_since_death":26644,"minecraft:walk_on_water_one_cm":1145,"minecraft:fall_one_cm":6967}},"DataVersion":2230}