{
    "display": {
        "icon": {
            "item": "minecraft:snowball"
        },
        "title": {
            "text": "Spawning Spheres",
            "color": "white",
            "bold": false,
            "italic": false
        },
        "description": {
            "text": "Allows you to view the spawnable area around a center point through the use glowing spheres. Useful for proofing farms.",
            "color": "green",
            "bold": false,
            "italic": true
        },
        "show_toast": false,
        "announce_to_chat": false,
        "frame": "goal"
    },
    "parent": "main:main/root",
    "criteria": {
        "tick": {
            "trigger": "minecraft:tick"
        }
    }
}