{"stats":{"minecraft:broken":{"minecraft:wooden_shovel":1},"minecraft:picked_up":{"minecraft:clay_ball":192,"minecraft:pumpkin":3,"minecraft:oak_log":30,"minecraft:melon_slice":35,"minecraft:chest":5,"minecraft:egg":1,"minecraft:dirt":127,"minecraft:birch_log":17},"minecraft:mined":{"minecraft:podzol":25,"minecraft:grass_block":101,"minecraft:oak_log":30,"minecraft:melon":7,"minecraft:chest":5,"minecraft:dirt":1,"minecraft:birch_log":17,"minecraft:pumpkin":3,"minecraft:clay":48},"minecraft:used":{"minecraft:wooden_hoe":1,"minecraft:wooden_axe":54,"minecraft:dirt":63,"minecraft:crafting_table":1,"minecraft:chest":2,"minecraft:wooden_shovel":151,"minecraft:wheat_seeds":1},"minecraft:crafted":{"minecraft:oak_planks":20,"minecraft:wooden_shovel":4,"minecraft:wooden_hoe":1,"minecraft:crafting_table":1,"minecraft:stick":12,"minecraft:wooden_axe":1},"minecraft:custom":{"minecraft:open_chest":9,"minecraft:time_since_rest":12754,"minecraft:crouch_one_cm":8947,"minecraft:play_one_minute":12754,"minecraft:sprint_one_cm":2854,"minecraft:walk_one_cm":7165,"minecraft:sneak_time":7661,"minecraft:jump":2,"minecraft:leave_game":2,"minecraft:time_since_death":12754,"minecraft:fly_one_cm":69,"minecraft:interact_with_crafting_table":10}},"DataVersion":2230}